CNTY_NAME,MCD_NAME,CTV,ASM,SEN,CON,STR_WARDS,PERSONS18,WHITE18,BLACK18,HISPANIC18,ASIAN18,AMINDIAN18,PISLAND18,OTHER18,OTHERMLT18,PRETOT16
Milwaukee,Bayside,V,23,8,4,0001,785.0,664.0,45.0,19.0,50.0,2.0,0.0,2.0,3.0,591.0
Milwaukee,Bayside,V,23,8,4,0002,474.0,435.0,3.0,13.0,16.0,3.0,3.0,0.0,1.0,465.0
Milwaukee,Bayside,V,23,8,4,0003,528.0,473.0,27.0,12.0,13.0,3.0,0.0,0.0,0.0,394.0
Milwaukee,Bayside,V,23,8,4,0004,733.0,674.0,20.0,17.0,19.0,1.0,1.0,0.0,1.0,692.0
Milwaukee,Bayside,V,23,8,4,0005,683.0,619.0,19.0,12.0,26.0,4.0,0.0,0.0,3.0,660.0
Milwaukee,Bayside,V,23,8,6,001S,36.0,33.0,0.0,2.0,1.0,0.0,0.0,0.0,0.0,29.0
Milwaukee,Bayside,V,23,8,6,003S,46.0,42.0,0.0,0.0,4.0,0.0,0.0,0.0,0.0,33.0
Milwaukee,Brown Deer,V,24,8,4,0001,1658.0,947.0,573.0,50.0,63.0,7.0,0.0,5.0,13.0,1168.0
Milwaukee,Brown Deer,V,24,8,4,0002,1590.0,932.0,510.0,37.0,96.0,2.0,1.0,0.0,12.0,1190.0
Milwaukee,Brown Deer,V,24,8,4,0003,1249.0,726.0,413.0,29.0,69.0,6.0,0.0,3.0,3.0,878.0
Milwaukee,Brown Deer,V,24,8,4,0004,1896.0,1391.0,296.0,82.0,86.0,26.0,3.0,2.0,10.0,1406.0
Milwaukee,Brown Deer,V,24,8,4,0005,1573.0,933.0,514.0,59.0,54.0,7.0,0.0,2.0,4.0,1152.0
Milwaukee,Brown Deer,V,24,8,4,0006,1528.0,1157.0,278.0,45.0,42.0,2.0,0.0,1.0,3.0,1123.0
Milwaukee,Cudahy,C,20,7,4,0001,1448.0,1294.0,21.0,101.0,19.0,8.0,0.0,1.0,4.0,980.0
Milwaukee,Cudahy,C,20,7,4,0002,697.0,613.0,21.0,53.0,3.0,6.0,0.0,0.0,1.0,483.0
Milwaukee,Cudahy,C,20,7,4,0003,717.0,656.0,8.0,45.0,2.0,6.0,0.0,0.0,0.0,471.0
Milwaukee,Cudahy,C,20,7,4,0004,936.0,766.0,33.0,109.0,7.0,18.0,0.0,1.0,2.0,587.0
Milwaukee,Cudahy,C,20,7,4,0005,960.0,840.0,16.0,73.0,19.0,9.0,1.0,0.0,2.0,596.0
Milwaukee,Cudahy,C,20,7,4,0006,872.0,779.0,11.0,46.0,20.0,14.0,0.0,0.0,2.0,531.0
Milwaukee,Cudahy,C,20,7,4,0007,1024.0,847.0,52.0,87.0,19.0,17.0,0.0,0.0,2.0,531.0
Milwaukee,Cudahy,C,20,7,4,0008,729.0,613.0,15.0,65.0,16.0,15.0,2.0,1.0,2.0,403.0
Milwaukee,Cudahy,C,20,7,4,0009,974.0,765.0,58.0,127.0,3.0,20.0,0.0,0.0,1.0,572.0
Milwaukee,Cudahy,C,20,7,4,0010,971.0,931.0,2.0,23.0,8.0,7.0,0.0,0.0,0.0,591.0
Milwaukee,Cudahy,C,20,7,4,0011,762.0,672.0,32.0,41.0,9.0,6.0,0.0,0.0,2.0,456.0
Milwaukee,Cudahy,C,20,7,4,0012,1122.0,982.0,22.0,79.0,31.0,7.0,1.0,0.0,0.0,730.0
Milwaukee,Cudahy,C,20,7,4,0013,570.0,496.0,10.0,42.0,13.0,7.0,0.0,1.0,1.0,381.0
Milwaukee,Cudahy,C,20,7,4,0014,1379.0,1270.0,12.0,52.0,35.0,9.0,0.0,1.0,0.0,898.0
Milwaukee,Cudahy,C,20,7,4,0015,1187.0,1084.0,17.0,50.0,21.0,12.0,2.0,0.0,1.0,838.0
Milwaukee,Fox Point,V,23,8,4,0001,459.0,441.0,1.0,3.0,14.0,0.0,0.0,0.0,0.0,442.0
Milwaukee,Fox Point,V,23,8,4,0002,583.0,542.0,13.0,6.0,20.0,1.0,0.0,0.0,1.0,538.0
Milwaukee,Fox Point,V,23,8,4,0003,588.0,560.0,2.0,9.0,12.0,2.0,0.0,3.0,0.0,546.0
Milwaukee,Fox Point,V,23,8,4,0004,648.0,531.0,63.0,20.0,28.0,2.0,1.0,2.0,1.0,515.0
Milwaukee,Fox Point,V,23,8,4,0005,592.0,532.0,21.0,15.0,22.0,1.0,0.0,1.0,0.0,503.0
Milwaukee,Fox Point,V,23,8,4,0006,397.0,371.0,3.0,8.0,13.0,2.0,0.0,0.0,0.0,356.0
Milwaukee,Fox Point,V,23,8,4,0007,599.0,556.0,9.0,11.0,18.0,2.0,0.0,3.0,0.0,534.0
Milwaukee,Fox Point,V,23,8,4,0008,681.0,572.0,25.0,20.0,61.0,2.0,0.0,1.0,0.0,541.0
Milwaukee,Fox Point,V,23,8,4,0009,624.0,558.0,22.0,13.0,26.0,2.0,0.0,2.0,1.0,529.0
Milwaukee,Franklin,C,82,28,1,0001,1774.0,437.0,1215.0,109.0,6.0,3.0,0.0,0.0,4.0,4.0
Milwaukee,Franklin,C,82,28,1,0002,1583.0,1464.0,8.0,48.0,51.0,9.0,1.0,2.0,0.0,1300.0
Milwaukee,Franklin,C,82,28,1,0003,1692.0,1599.0,12.0,37.0,34.0,9.0,0.0,1.0,0.0,1472.0
Milwaukee,Franklin,C,82,28,1,0004,1092.0,988.0,14.0,57.0,28.0,2.0,1.0,1.0,1.0,732.0
Milwaukee,Franklin,C,82,28,1,0005,814.0,772.0,8.0,20.0,10.0,4.0,0.0,0.0,0.0,595.0
Milwaukee,Franklin,C,82,28,1,0006,1004.0,885.0,23.0,19.0,73.0,3.0,0.0,0.0,1.0,940.0
Milwaukee,Franklin,C,82,28,1,0007,1636.0,1568.0,15.0,27.0,19.0,6.0,0.0,0.0,1.0,1322.0
Milwaukee,Franklin,C,82,28,1,0008,1445.0,1109.0,56.0,102.0,158.0,14.0,0.0,0.0,6.0,794.0
Milwaukee,Franklin,C,82,28,1,0009,1292.0,1011.0,24.0,79.0,158.0,12.0,0.0,1.0,7.0,853.0
Milwaukee,Franklin,C,82,28,1,0010,493.0,405.0,10.0,15.0,62.0,1.0,0.0,0.0,0.0,389.0
Milwaukee,Franklin,C,82,28,1,0011,1374.0,1216.0,11.0,53.0,80.0,4.0,0.0,0.0,10.0,1076.0
Milwaukee,Franklin,C,21,7,1,0012,995.0,891.0,13.0,29.0,52.0,7.0,0.0,0.0,3.0,732.0
Milwaukee,Franklin,C,82,28,1,0013,1246.0,1132.0,18.0,33.0,55.0,6.0,0.0,0.0,2.0,1027.0
Milwaukee,Franklin,C,82,28,1,0014,1141.0,1004.0,14.0,47.0,66.0,4.0,1.0,2.0,3.0,925.0
Milwaukee,Franklin,C,82,28,1,0016,1366.0,1200.0,25.0,36.0,99.0,2.0,0.0,3.0,1.0,1125.0
Milwaukee,Franklin,C,82,28,1,0017,845.0,721.0,5.0,24.0,93.0,0.0,0.0,0.0,2.0,666.0
Milwaukee,Franklin,C,82,28,1,0018,539.0,462.0,9.0,17.0,44.0,4.0,0.0,3.0,0.0,418.0
Milwaukee,Franklin,C,82,28,1,0019,1489.0,1367.0,18.0,46.0,50.0,5.0,2.0,0.0,1.0,1196.0
Milwaukee,Franklin,C,82,28,1,0020,1243.0,1107.0,22.0,52.0,53.0,6.0,0.0,1.0,2.0,622.0
Milwaukee,Franklin,C,82,28,1,0021,601.0,529.0,12.0,23.0,30.0,6.0,1.0,0.0,0.0,289.0
Milwaukee,Franklin,C,82,28,1,0023,1461.0,1340.0,11.0,62.0,39.0,6.0,0.0,3.0,0.0,1129.0
Milwaukee,Franklin,C,82,28,1,015A,631.0,550.0,9.0,27.0,36.0,6.0,2.0,1.0,0.0,542.0
Milwaukee,Franklin,C,21,7,1,015B,459.0,401.0,7.0,28.0,21.0,1.0,0.0,0.0,1.0,354.0
Milwaukee,Franklin,C,82,28,1,022A,824.0,789.0,4.0,18.0,3.0,8.0,2.0,0.0,0.0,646.0
Milwaukee,Franklin,C,83,28,1,022B,761.0,718.0,1.0,19.0,20.0,2.0,0.0,1.0,0.0,620.0
Milwaukee,Glendale,C,11,4,4,0001,786.0,629.0,97.0,34.0,22.0,2.0,0.0,0.0,2.0,616.0
Milwaukee,Glendale,C,11,4,4,0002,958.0,689.0,220.0,26.0,21.0,2.0,0.0,0.0,0.0,691.0
Milwaukee,Glendale,C,24,8,4,0003,776.0,690.0,43.0,13.0,24.0,4.0,1.0,1.0,0.0,612.0
Milwaukee,Glendale,C,24,8,4,0004,873.0,716.0,96.0,19.0,35.0,0.0,1.0,5.0,1.0,745.0
Milwaukee,Glendale,C,24,8,4,0005,903.0,766.0,80.0,28.0,25.0,2.0,0.0,1.0,1.0,775.0
Milwaukee,Glendale,C,11,4,4,0006,738.0,474.0,225.0,23.0,7.0,3.0,0.0,4.0,2.0,556.0
Milwaukee,Glendale,C,11,4,4,0007,839.0,698.0,57.0,27.0,50.0,2.0,2.0,1.0,2.0,627.0
Milwaukee,Glendale,C,24,8,4,0008,621.0,529.0,63.0,13.0,13.0,1.0,2.0,0.0,0.0,483.0
Milwaukee,Glendale,C,24,8,4,0009,1034.0,839.0,92.0,36.0,56.0,6.0,1.0,0.0,4.0,755.0
Milwaukee,Glendale,C,24,8,4,0010,899.0,776.0,75.0,16.0,25.0,3.0,0.0,4.0,0.0,742.0
Milwaukee,Glendale,C,24,8,4,0011,487.0,396.0,61.0,6.0,20.0,1.0,0.0,0.0,3.0,431.0
Milwaukee,Glendale,C,11,4,4,0012,771.0,655.0,63.0,24.0,23.0,6.0,0.0,0.0,0.0,573.0
Milwaukee,Glendale,C,11,4,4,008S,321.0,245.0,70.0,2.0,2.0,0.0,0.0,2.0,0.0,187.0
Milwaukee,Glendale,C,11,4,4,011S,458.0,233.0,184.0,8.0,25.0,3.0,1.0,0.0,4.0,277.0
Milwaukee,Greendale,V,82,28,1,0001,889.0,836.0,0.0,13.0,40.0,0.0,0.0,0.0,0.0,741.0
Milwaukee,Greendale,V,82,28,1,0002,946.0,845.0,9.0,20.0,65.0,7.0,0.0,0.0,0.0,856.0
Milwaukee,Greendale,V,82,28,1,0003,1294.0,1174.0,13.0,55.0,36.0,16.0,0.0,0.0,0.0,902.0
Milwaukee,Greendale,V,82,28,1,0004,1279.0,1184.0,15.0,44.0,29.0,2.0,1.0,1.0,3.0,903.0
Milwaukee,Greendale,V,82,28,1,0005,1081.0,1026.0,13.0,30.0,10.0,1.0,1.0,0.0,0.0,853.0
Milwaukee,Greendale,V,82,28,1,0006,973.0,867.0,11.0,47.0,40.0,7.0,0.0,1.0,0.0,818.0
Milwaukee,Greendale,V,82,28,1,0007,931.0,872.0,0.0,37.0,20.0,0.0,0.0,0.0,2.0,730.0
Milwaukee,Greendale,V,82,28,1,0008,1192.0,1062.0,22.0,57.0,46.0,5.0,0.0,0.0,0.0,871.0
Milwaukee,Greendale,V,82,28,1,0009,1274.0,1181.0,13.0,41.0,31.0,6.0,0.0,0.0,2.0,1050.0
Milwaukee,Greendale,V,82,28,1,0010,1084.0,1025.0,2.0,17.0,30.0,4.0,0.0,1.0,5.0,775.0
Milwaukee,Greenfield,C,7,3,5,0001,1512.0,1274.0,27.0,148.0,42.0,17.0,0.0,1.0,3.0,1026.0
Milwaukee,Greenfield,C,82,28,5,0002,1392.0,1225.0,19.0,71.0,41.0,31.0,0.0,0.0,5.0,804.0
Milwaukee,Greenfield,C,7,3,5,0003,1475.0,1134.0,84.0,165.0,68.0,20.0,0.0,1.0,3.0,803.0
Milwaukee,Greenfield,C,7,3,5,0004,1532.0,1147.0,71.0,212.0,84.0,15.0,0.0,0.0,3.0,785.0
Milwaukee,Greenfield,C,84,28,5,0005,1467.0,1246.0,49.0,106.0,47.0,12.0,3.0,3.0,1.0,978.0
Milwaukee,Greenfield,C,84,28,5,0006,1255.0,1169.0,9.0,46.0,26.0,5.0,0.0,0.0,0.0,898.0
Milwaukee,Greenfield,C,84,28,5,0007,1584.0,1457.0,25.0,63.0,26.0,13.0,0.0,0.0,0.0,1074.0
Milwaukee,Greenfield,C,84,28,5,0008,1667.0,1500.0,34.0,62.0,56.0,11.0,0.0,2.0,2.0,1068.0
Milwaukee,Greenfield,C,84,28,5,0009,1618.0,1499.0,29.0,63.0,23.0,4.0,0.0,0.0,0.0,1030.0
Milwaukee,Greenfield,C,84,28,5,0010,1416.0,1267.0,25.0,60.0,50.0,4.0,1.0,6.0,3.0,975.0
Milwaukee,Greenfield,C,84,28,5,0011,1445.0,1346.0,10.0,35.0,48.0,3.0,0.0,0.0,3.0,1182.0
Milwaukee,Greenfield,C,84,28,5,0012,1318.0,1219.0,12.0,40.0,34.0,6.0,0.0,0.0,7.0,1112.0
Milwaukee,Greenfield,C,84,28,5,0013,957.0,871.0,14.0,50.0,14.0,6.0,0.0,1.0,1.0,618.0
Milwaukee,Greenfield,C,84,28,5,0014,1469.0,1220.0,36.0,155.0,33.0,19.0,1.0,2.0,3.0,851.0
Milwaukee,Greenfield,C,84,28,5,0015,1486.0,1268.0,26.0,107.0,63.0,16.0,1.0,0.0,5.0,818.0
Milwaukee,Greenfield,C,82,28,5,0016,1005.0,862.0,49.0,63.0,18.0,11.0,0.0,0.0,2.0,391.0
Milwaukee,Greenfield,C,82,28,5,0017,1561.0,1263.0,39.0,115.0,129.0,10.0,1.0,0.0,4.0,775.0
Milwaukee,Greenfield,C,7,3,5,0018,1152.0,958.0,12.0,103.0,67.0,9.0,1.0,0.0,2.0,850.0
Milwaukee,Greenfield,C,82,28,5,0019,1904.0,1740.0,28.0,68.0,52.0,15.0,0.0,0.0,1.0,1235.0
Milwaukee,Greenfield,C,82,28,5,0020,1696.0,1484.0,16.0,122.0,57.0,14.0,0.0,2.0,1.0,1311.0
Milwaukee,Greenfield,C,82,28,5,0021,1373.0,1054.0,53.0,125.0,122.0,14.0,1.0,0.0,4.0,782.0
Milwaukee,Hales Corners,V,83,28,1,0001,764.0,733.0,3.0,17.0,4.0,7.0,0.0,0.0,0.0,584.0
Milwaukee,Hales Corners,V,83,28,1,0002,661.0,612.0,2.0,24.0,21.0,2.0,0.0,0.0,0.0,512.0
Milwaukee,Hales Corners,V,83,28,1,0003,607.0,583.0,3.0,11.0,4.0,6.0,0.0,0.0,0.0,459.0
Milwaukee,Hales Corners,V,83,28,1,0004,688.0,647.0,6.0,24.0,7.0,3.0,0.0,0.0,1.0,520.0
Milwaukee,Hales Corners,V,83,28,1,0005,714.0,692.0,3.0,13.0,4.0,1.0,0.0,1.0,0.0,549.0
Milwaukee,Hales Corners,V,83,28,1,0006,627.0,595.0,1.0,18.0,4.0,5.0,2.0,2.0,0.0,449.0
Milwaukee,Hales Corners,V,83,28,1,0007,703.0,635.0,7.0,45.0,14.0,2.0,0.0,0.0,0.0,479.0
Milwaukee,Hales Corners,V,83,28,1,0008,656.0,621.0,1.0,21.0,5.0,8.0,0.0,0.0,0.0,402.0
Milwaukee,Hales Corners,V,83,28,1,0009,660.0,566.0,25.0,28.0,36.0,2.0,1.0,2.0,0.0,464.0
Milwaukee,Milwaukee,C,12,4,4,0001,2604.0,860.0,1158.0,426.0,124.0,12.0,1.0,5.0,18.0,1201.0
Milwaukee,Milwaukee,C,12,4,4,0002,862.0,116.0,624.0,100.0,7.0,1.0,0.0,1.0,13.0,405.0
Milwaukee,Milwaukee,C,12,4,4,0003,1717.0,720.0,876.0,54.0,53.0,7.0,0.0,0.0,7.0,971.0
Milwaukee,Milwaukee,C,12,4,4,0004,2497.0,996.0,1317.0,60.0,86.0,7.0,3.0,4.0,24.0,1573.0
Milwaukee,Milwaukee,C,12,4,4,0005,1366.0,420.0,870.0,37.0,21.0,9.0,0.0,4.0,5.0,765.0
Milwaukee,Milwaukee,C,12,4,4,0006,2593.0,1120.0,1194.0,62.0,172.0,20.0,6.0,3.0,16.0,1720.0
Milwaukee,Milwaukee,C,12,4,4,0007,1042.0,512.0,413.0,72.0,21.0,18.0,0.0,2.0,4.0,601.0
Milwaukee,Milwaukee,C,12,4,4,0008,1865.0,710.0,988.0,84.0,50.0,11.0,4.0,0.0,18.0,1417.0
Milwaukee,Milwaukee,C,12,4,4,0009,1052.0,296.0,644.0,34.0,57.0,11.0,2.0,3.0,5.0,694.0
Milwaukee,Milwaukee,C,12,4,4,0010,1798.0,889.0,690.0,61.0,139.0,11.0,0.0,3.0,5.0,1165.0
Milwaukee,Milwaukee,C,11,4,4,0011,1637.0,604.0,810.0,58.0,152.0,6.0,0.0,0.0,7.0,1020.0
Milwaukee,Milwaukee,C,11,4,4,0012,1441.0,372.0,808.0,29.0,213.0,5.0,0.0,0.0,14.0,884.0
Milwaukee,Milwaukee,C,11,4,4,0013,773.0,286.0,402.0,15.0,58.0,3.0,1.0,1.0,7.0,515.0
Milwaukee,Milwaukee,C,11,4,4,0014,1651.0,358.0,1214.0,44.0,17.0,5.0,0.0,0.0,13.0,988.0
Milwaukee,Milwaukee,C,11,4,4,0015,988.0,619.0,289.0,26.0,37.0,12.0,1.0,1.0,3.0,766.0
Milwaukee,Milwaukee,C,11,4,4,0016,2313.0,582.0,1526.0,69.0,95.0,15.0,0.0,5.0,21.0,1363.0
Milwaukee,Milwaukee,C,11,4,4,0017,909.0,365.0,441.0,37.0,45.0,7.0,0.0,2.0,12.0,588.0
Milwaukee,Milwaukee,C,11,4,4,0018,1388.0,405.0,900.0,41.0,31.0,4.0,0.0,0.0,7.0,911.0
Milwaukee,Milwaukee,C,11,4,4,0019,1119.0,258.0,803.0,22.0,15.0,7.0,2.0,0.0,12.0,698.0
Milwaukee,Milwaukee,C,11,4,4,0020,1501.0,329.0,1087.0,52.0,16.0,8.0,0.0,2.0,7.0,903.0
Milwaukee,Milwaukee,C,11,4,4,0021,1333.0,180.0,1102.0,28.0,5.0,5.0,0.0,0.0,13.0,824.0
Milwaukee,Milwaukee,C,11,4,4,0022,1319.0,283.0,948.0,42.0,19.0,14.0,0.0,2.0,11.0,795.0
Milwaukee,Milwaukee,C,11,4,4,0023,734.0,123.0,502.0,23.0,69.0,6.0,2.0,0.0,9.0,334.0
Milwaukee,Milwaukee,C,11,4,4,0024,1008.0,52.0,678.0,5.0,268.0,1.0,0.0,1.0,3.0,416.0
Milwaukee,Milwaukee,C,11,4,4,0025,1305.0,238.0,889.0,55.0,104.0,8.0,0.0,3.0,8.0,746.0
Milwaukee,Milwaukee,C,11,4,4,0026,1122.0,266.0,712.0,29.0,107.0,3.0,0.0,0.0,5.0,668.0
Milwaukee,Milwaukee,C,11,4,4,0027,1176.0,193.0,675.0,37.0,261.0,3.0,0.0,0.0,7.0,656.0
Milwaukee,Milwaukee,C,11,4,4,0028,613.0,63.0,276.0,22.0,243.0,4.0,0.0,0.0,5.0,221.0
Milwaukee,Milwaukee,C,12,4,4,0029,756.0,162.0,547.0,12.0,32.0,0.0,0.0,0.0,3.0,365.0
Milwaukee,Milwaukee,C,12,4,4,0030,1146.0,297.0,689.0,37.0,112.0,6.0,0.0,0.0,5.0,725.0
Milwaukee,Milwaukee,C,12,4,4,0031,1244.0,255.0,873.0,42.0,55.0,6.0,1.0,1.0,11.0,642.0
Milwaukee,Milwaukee,C,12,4,4,0032,2555.0,741.0,1577.0,87.0,118.0,7.0,4.0,1.0,20.0,1480.0
Milwaukee,Milwaukee,C,22,8,4,0033,2795.0,1875.0,734.0,76.0,72.0,24.0,2.0,0.0,12.0,1989.0
Milwaukee,Milwaukee,C,22,8,4,0034,2066.0,910.0,957.0,89.0,63.0,18.0,4.0,6.0,19.0,1102.0
Milwaukee,Milwaukee,C,12,4,4,0035,1425.0,809.0,457.0,81.0,55.0,14.0,1.0,1.0,7.0,856.0
Milwaukee,Milwaukee,C,12,4,4,0036,1165.0,297.0,749.0,18.0,89.0,2.0,0.0,3.0,7.0,781.0
Milwaukee,Milwaukee,C,12,4,4,0037,1721.0,323.0,1273.0,53.0,40.0,17.0,1.0,0.0,14.0,738.0
Milwaukee,Milwaukee,C,12,4,4,0038,977.0,194.0,724.0,33.0,10.0,10.0,0.0,1.0,5.0,592.0
Milwaukee,Milwaukee,C,12,4,4,0039,1086.0,447.0,529.0,25.0,70.0,6.0,2.0,2.0,5.0,688.0
Milwaukee,Milwaukee,C,12,4,4,0040,1205.0,246.0,857.0,42.0,42.0,5.0,0.0,4.0,9.0,660.0
Milwaukee,Milwaukee,C,11,4,4,0041,1139.0,299.0,756.0,41.0,34.0,1.0,0.0,1.0,7.0,648.0
Milwaukee,Milwaukee,C,12,4,4,0042,1340.0,338.0,870.0,50.0,64.0,9.0,0.0,2.0,7.0,864.0
Milwaukee,Milwaukee,C,11,4,4,0043,848.0,100.0,703.0,17.0,19.0,3.0,0.0,0.0,6.0,492.0
Milwaukee,Milwaukee,C,17,6,4,0044,1301.0,288.0,890.0,56.0,52.0,5.0,0.0,0.0,10.0,899.0
Milwaukee,Milwaukee,C,11,4,4,0045,1567.0,259.0,1133.0,50.0,93.0,15.0,0.0,3.0,14.0,906.0
Milwaukee,Milwaukee,C,11,4,4,0046,794.0,106.0,611.0,43.0,27.0,3.0,0.0,1.0,3.0,477.0
Milwaukee,Milwaukee,C,11,4,4,0047,1549.0,242.0,1186.0,58.0,43.0,5.0,1.0,3.0,11.0,901.0
Milwaukee,Milwaukee,C,11,4,4,0048,740.0,183.0,494.0,24.0,33.0,4.0,0.0,0.0,2.0,434.0
Milwaukee,Milwaukee,C,11,4,4,0049,914.0,140.0,725.0,38.0,1.0,6.0,0.0,0.0,4.0,621.0
Milwaukee,Milwaukee,C,11,4,4,0050,903.0,97.0,752.0,31.0,12.0,7.0,1.0,1.0,2.0,577.0
Milwaukee,Milwaukee,C,11,4,4,0051,1063.0,67.0,950.0,31.0,0.0,5.0,4.0,1.0,5.0,568.0
Milwaukee,Milwaukee,C,11,4,4,0052,1440.0,181.0,1192.0,44.0,1.0,9.0,1.0,4.0,8.0,799.0
Milwaukee,Milwaukee,C,11,4,4,0053,714.0,88.0,591.0,23.0,2.0,2.0,1.0,0.0,7.0,357.0
Milwaukee,Milwaukee,C,10,4,4,0054,732.0,61.0,641.0,18.0,8.0,0.0,0.0,0.0,4.0,459.0
Milwaukee,Milwaukee,C,10,4,4,0055,1715.0,554.0,1044.0,71.0,23.0,13.0,0.0,3.0,7.0,1033.0
Milwaukee,Milwaukee,C,10,4,4,0056,964.0,35.0,900.0,18.0,1.0,2.0,0.0,1.0,7.0,639.0
Milwaukee,Milwaukee,C,10,4,4,0057,1372.0,60.0,1265.0,34.0,2.0,4.0,1.0,0.0,6.0,864.0
Milwaukee,Milwaukee,C,10,4,4,0058,989.0,55.0,899.0,22.0,5.0,1.0,0.0,1.0,6.0,637.0
Milwaukee,Milwaukee,C,10,4,4,0059,1794.0,38.0,1712.0,35.0,1.0,2.0,0.0,1.0,5.0,1239.0
Milwaukee,Milwaukee,C,10,4,4,0060,1363.0,37.0,1283.0,19.0,3.0,4.0,0.0,0.0,17.0,883.0
Milwaukee,Milwaukee,C,10,4,4,0061,1165.0,31.0,1099.0,21.0,0.0,3.0,0.0,1.0,10.0,763.0
Milwaukee,Milwaukee,C,10,4,4,0062,1113.0,42.0,1038.0,18.0,1.0,3.0,0.0,0.0,11.0,589.0
Milwaukee,Milwaukee,C,10,4,4,0063,1051.0,26.0,989.0,15.0,10.0,0.0,0.0,2.0,9.0,564.0
Milwaukee,Milwaukee,C,17,6,4,0064,2005.0,162.0,1759.0,49.0,14.0,7.0,0.0,3.0,11.0,1274.0
Milwaukee,Milwaukee,C,17,6,4,0065,1431.0,89.0,1295.0,30.0,10.0,4.0,0.0,0.0,3.0,1021.0
Milwaukee,Milwaukee,C,17,6,4,0066,910.0,28.0,852.0,11.0,3.0,3.0,0.0,0.0,13.0,676.0
Milwaukee,Milwaukee,C,17,6,4,0067,924.0,116.0,766.0,25.0,10.0,2.0,1.0,0.0,4.0,546.0
Milwaukee,Milwaukee,C,17,6,4,0068,1619.0,236.0,1198.0,66.0,99.0,17.0,0.0,0.0,3.0,1087.0
Milwaukee,Milwaukee,C,17,6,4,0069,1295.0,174.0,1056.0,31.0,17.0,5.0,0.0,2.0,10.0,831.0
Milwaukee,Milwaukee,C,17,6,4,0070,1640.0,224.0,1276.0,66.0,47.0,6.0,0.0,4.0,17.0,1174.0
Milwaukee,Milwaukee,C,17,6,4,0071,963.0,146.0,711.0,21.0,78.0,5.0,0.0,0.0,2.0,635.0
Milwaukee,Milwaukee,C,17,6,4,0072,1298.0,234.0,904.0,31.0,112.0,4.0,1.0,0.0,12.0,898.0
Milwaukee,Milwaukee,C,17,6,4,0073,1469.0,328.0,938.0,41.0,149.0,6.0,0.0,1.0,6.0,994.0
Milwaukee,Milwaukee,C,17,6,4,0074,879.0,182.0,605.0,37.0,46.0,4.0,1.0,0.0,4.0,638.0
Milwaukee,Milwaukee,C,17,6,4,0075,955.0,455.0,417.0,17.0,38.0,10.0,3.0,6.0,9.0,646.0
Milwaukee,Milwaukee,C,17,6,4,0076,1000.0,247.0,654.0,25.0,58.0,9.0,0.0,4.0,3.0,649.0
Milwaukee,Milwaukee,C,17,6,4,0077,1000.0,345.0,531.0,30.0,86.0,5.0,0.0,0.0,3.0,615.0
Milwaukee,Milwaukee,C,12,4,4,0078,1619.0,500.0,977.0,51.0,62.0,12.0,1.0,0.0,16.0,1025.0
Milwaukee,Milwaukee,C,12,4,4,0079,1589.0,643.0,820.0,60.0,39.0,17.0,0.0,2.0,8.0,1051.0
Milwaukee,Milwaukee,C,12,4,4,0080,2366.0,1491.0,697.0,51.0,86.0,20.0,2.0,3.0,16.0,1449.0
Milwaukee,Milwaukee,C,12,4,4,0081,797.0,660.0,87.0,26.0,17.0,7.0,0.0,0.0,0.0,530.0
Milwaukee,Milwaukee,C,14,5,4,0082,1009.0,908.0,50.0,26.0,19.0,6.0,0.0,0.0,0.0,760.0
Milwaukee,Milwaukee,C,17,6,4,0083,1295.0,1074.0,112.0,61.0,36.0,7.0,1.0,1.0,3.0,932.0
Milwaukee,Milwaukee,C,17,6,4,0084,924.0,784.0,78.0,37.0,19.0,3.0,0.0,1.0,2.0,669.0
Milwaukee,Milwaukee,C,14,5,4,0085,1215.0,1059.0,73.0,37.0,26.0,11.0,4.0,0.0,5.0,947.0
Milwaukee,Milwaukee,C,14,5,4,0086,1110.0,961.0,87.0,17.0,33.0,7.0,1.0,2.0,2.0,920.0
Milwaukee,Milwaukee,C,14,5,4,0087,747.0,593.0,117.0,12.0,13.0,4.0,0.0,3.0,5.0,580.0
Milwaukee,Milwaukee,C,17,6,4,0088,995.0,783.0,149.0,41.0,6.0,10.0,2.0,2.0,2.0,682.0
Milwaukee,Milwaukee,C,17,6,4,0089,1404.0,969.0,335.0,45.0,22.0,16.0,1.0,6.0,10.0,919.0
Milwaukee,Milwaukee,C,17,6,4,0090,1341.0,774.0,433.0,50.0,69.0,8.0,0.0,3.0,4.0,923.0
Milwaukee,Milwaukee,C,17,6,4,0091,1912.0,496.0,1295.0,68.0,30.0,6.0,1.0,5.0,11.0,1263.0
Milwaukee,Milwaukee,C,17,6,4,0092,1827.0,1136.0,577.0,70.0,15.0,14.0,1.0,2.0,12.0,1241.0
Milwaukee,Milwaukee,C,14,5,4,0093,735.0,585.0,111.0,21.0,13.0,2.0,1.0,0.0,2.0,601.0
Milwaukee,Milwaukee,C,17,6,4,0094,979.0,186.0,706.0,39.0,31.0,4.0,0.0,0.0,13.0,436.0
Milwaukee,Milwaukee,C,17,6,4,0095,759.0,163.0,543.0,29.0,10.0,4.0,0.0,3.0,7.0,560.0
Milwaukee,Milwaukee,C,17,6,4,0096,1300.0,418.0,803.0,43.0,14.0,6.0,0.0,3.0,13.0,956.0
Milwaukee,Milwaukee,C,17,6,4,0097,1213.0,468.0,681.0,40.0,11.0,1.0,0.0,3.0,9.0,863.0
Milwaukee,Milwaukee,C,17,6,4,0098,778.0,101.0,639.0,16.0,8.0,3.0,0.0,4.0,7.0,597.0
Milwaukee,Milwaukee,C,17,6,4,0099,1460.0,253.0,1136.0,40.0,13.0,4.0,0.0,3.0,11.0,1093.0
Milwaukee,Milwaukee,C,18,6,4,0100,971.0,73.0,867.0,17.0,5.0,2.0,0.0,0.0,7.0,707.0
Milwaukee,Milwaukee,C,18,6,4,0101,1333.0,63.0,1214.0,24.0,13.0,3.0,0.0,0.0,16.0,990.0
Milwaukee,Milwaukee,C,18,6,4,0102,1614.0,162.0,1392.0,29.0,3.0,8.0,1.0,1.0,18.0,1084.0
Milwaukee,Milwaukee,C,18,6,4,0103,2080.0,212.0,1774.0,54.0,18.0,9.0,0.0,1.0,12.0,1300.0
Milwaukee,Milwaukee,C,18,6,4,0104,1949.0,72.0,1776.0,54.0,21.0,6.0,0.0,1.0,19.0,1182.0
Milwaukee,Milwaukee,C,16,6,4,0105,989.0,26.0,918.0,17.0,14.0,3.0,0.0,0.0,11.0,478.0
Milwaukee,Milwaukee,C,16,6,4,0106,831.0,11.0,783.0,22.0,7.0,2.0,0.0,0.0,6.0,440.0
Milwaukee,Milwaukee,C,16,6,4,0107,1162.0,24.0,1099.0,28.0,1.0,3.0,0.0,1.0,6.0,706.0
Milwaukee,Milwaukee,C,16,6,4,0108,1105.0,26.0,1050.0,14.0,4.0,1.0,0.0,0.0,10.0,668.0
Milwaukee,Milwaukee,C,16,6,4,0109,1438.0,15.0,1390.0,15.0,3.0,4.0,1.0,0.0,10.0,741.0
Milwaukee,Milwaukee,C,16,6,4,0110,877.0,13.0,828.0,21.0,5.0,6.0,0.0,0.0,4.0,429.0
Milwaukee,Milwaukee,C,16,6,4,0111,1251.0,26.0,1190.0,11.0,10.0,6.0,0.0,2.0,6.0,545.0
Milwaukee,Milwaukee,C,10,4,4,0112,1261.0,8.0,1214.0,19.0,0.0,5.0,0.0,2.0,13.0,664.0
Milwaukee,Milwaukee,C,10,4,4,0113,1199.0,13.0,1144.0,17.0,4.0,1.0,1.0,0.0,19.0,571.0
Milwaukee,Milwaukee,C,10,4,4,0114,875.0,12.0,828.0,14.0,4.0,8.0,0.0,1.0,8.0,516.0
Milwaukee,Milwaukee,C,10,4,4,0115,1542.0,19.0,1471.0,26.0,13.0,0.0,0.0,2.0,11.0,884.0
Milwaukee,Milwaukee,C,10,4,4,0116,1015.0,12.0,967.0,26.0,0.0,2.0,0.0,0.0,8.0,457.0
Milwaukee,Milwaukee,C,10,4,4,0117,1030.0,24.0,985.0,17.0,0.0,0.0,0.0,0.0,4.0,594.0
Milwaukee,Milwaukee,C,10,4,4,0118,1104.0,49.0,1009.0,28.0,14.0,2.0,0.0,0.0,2.0,635.0
Milwaukee,Milwaukee,C,10,4,4,0119,1218.0,32.0,1127.0,48.0,2.0,4.0,0.0,3.0,2.0,632.0
Milwaukee,Milwaukee,C,10,4,4,0120,1170.0,96.0,987.0,66.0,4.0,9.0,0.0,3.0,5.0,589.0
Milwaukee,Milwaukee,C,10,4,4,0121,1191.0,12.0,1124.0,34.0,3.0,3.0,0.0,0.0,15.0,694.0
Milwaukee,Milwaukee,C,10,4,4,0122,1334.0,80.0,1145.0,83.0,1.0,5.0,1.0,3.0,16.0,767.0
Milwaukee,Milwaukee,C,10,4,4,0123,1588.0,484.0,769.0,279.0,7.0,28.0,0.0,8.0,13.0,907.0
Milwaukee,Milwaukee,C,10,4,4,0124,1365.0,627.0,594.0,54.0,79.0,3.0,0.0,2.0,6.0,568.0
Milwaukee,Milwaukee,C,10,4,4,0125,1537.0,1200.0,125.0,155.0,22.0,23.0,0.0,2.0,10.0,1135.0
Milwaukee,Milwaukee,C,19,7,4,0126,1094.0,718.0,298.0,56.0,13.0,5.0,0.0,0.0,4.0,837.0
Milwaukee,Milwaukee,C,19,7,4,0127,2254.0,1994.0,55.0,64.0,116.0,15.0,1.0,4.0,5.0,1278.0
Milwaukee,Milwaukee,C,19,7,4,0128,2759.0,2514.0,70.0,83.0,72.0,12.0,2.0,2.0,4.0,1541.0
Milwaukee,Milwaukee,C,19,7,4,0129,1580.0,1448.0,38.0,38.0,47.0,3.0,0.0,3.0,3.0,963.0
Milwaukee,Milwaukee,C,19,7,4,0130,2763.0,2437.0,122.0,96.0,67.0,15.0,1.0,22.0,3.0,1304.0
Milwaukee,Milwaukee,C,19,7,4,0131,1431.0,1301.0,32.0,61.0,26.0,6.0,1.0,1.0,3.0,1084.0
Milwaukee,Milwaukee,C,19,7,4,0132,2013.0,1888.0,45.0,28.0,45.0,2.0,0.0,2.0,3.0,1559.0
Milwaukee,Milwaukee,C,19,7,4,0133,1424.0,1291.0,51.0,33.0,41.0,3.0,1.0,0.0,4.0,893.0
Milwaukee,Milwaukee,C,19,7,4,0134,1682.0,1400.0,74.0,49.0,142.0,8.0,3.0,1.0,5.0,934.0
Milwaukee,Milwaukee,C,19,7,4,0135,1599.0,1312.0,94.0,70.0,97.0,13.0,2.0,5.0,6.0,1040.0
Milwaukee,Milwaukee,C,19,7,4,0136,1450.0,1253.0,70.0,49.0,63.0,6.0,0.0,3.0,6.0,1022.0
Milwaukee,Milwaukee,C,19,7,4,0137,1158.0,945.0,96.0,61.0,36.0,6.0,0.0,8.0,6.0,698.0
Milwaukee,Milwaukee,C,16,6,4,0138,2854.0,2170.0,321.0,256.0,48.0,28.0,1.0,8.0,22.0,1867.0
Milwaukee,Milwaukee,C,16,6,4,0139,2139.0,853.0,824.0,402.0,21.0,14.0,0.0,4.0,21.0,1306.0
Milwaukee,Milwaukee,C,10,4,4,0140,719.0,70.0,533.0,98.0,2.0,4.0,0.0,0.0,12.0,469.0
Milwaukee,Milwaukee,C,16,6,4,0141,962.0,68.0,838.0,32.0,2.0,6.0,1.0,1.0,14.0,572.0
Milwaukee,Milwaukee,C,16,6,4,0142,974.0,34.0,874.0,31.0,9.0,8.0,0.0,0.0,18.0,566.0
Milwaukee,Milwaukee,C,16,6,4,0143,1063.0,17.0,991.0,25.0,14.0,3.0,0.0,1.0,12.0,548.0
Milwaukee,Milwaukee,C,16,6,4,0144,707.0,15.0,666.0,17.0,1.0,4.0,0.0,0.0,4.0,417.0
Milwaukee,Milwaukee,C,16,6,4,0145,485.0,11.0,455.0,7.0,7.0,2.0,0.0,0.0,3.0,251.0
Milwaukee,Milwaukee,C,10,4,4,0146,453.0,2.0,435.0,8.0,0.0,3.0,0.0,0.0,5.0,247.0
Milwaukee,Milwaukee,C,16,6,4,0147,1606.0,18.0,1544.0,23.0,3.0,4.0,0.0,1.0,13.0,885.0
Milwaukee,Milwaukee,C,16,6,4,0148,1060.0,21.0,987.0,34.0,9.0,3.0,0.0,2.0,4.0,663.0
Milwaukee,Milwaukee,C,16,6,4,0149,1505.0,36.0,1393.0,36.0,17.0,13.0,1.0,0.0,9.0,757.0
Milwaukee,Milwaukee,C,16,6,4,0150,1090.0,62.0,830.0,40.0,143.0,5.0,0.0,0.0,10.0,610.0
Milwaukee,Milwaukee,C,16,6,4,0151,947.0,54.0,868.0,15.0,1.0,2.0,1.0,0.0,6.0,442.0
Milwaukee,Milwaukee,C,16,6,4,0152,870.0,19.0,796.0,35.0,11.0,4.0,1.0,2.0,2.0,387.0
Milwaukee,Milwaukee,C,18,6,4,0153,1158.0,83.0,1026.0,26.0,12.0,6.0,0.0,0.0,5.0,662.0
Milwaukee,Milwaukee,C,18,6,4,0154,1040.0,53.0,940.0,24.0,8.0,3.0,0.0,0.0,12.0,590.0
Milwaukee,Milwaukee,C,18,6,4,0155,1046.0,26.0,945.0,30.0,31.0,3.0,0.0,4.0,7.0,487.0
Milwaukee,Milwaukee,C,18,6,4,0156,1192.0,54.0,1062.0,36.0,26.0,2.0,0.0,3.0,9.0,701.0
Milwaukee,Milwaukee,C,18,6,4,0157,864.0,196.0,601.0,24.0,31.0,6.0,0.0,0.0,6.0,529.0
Milwaukee,Milwaukee,C,18,6,4,0158,744.0,79.0,590.0,27.0,34.0,5.0,0.0,0.0,9.0,473.0
Milwaukee,Milwaukee,C,18,6,4,0159,717.0,79.0,594.0,23.0,11.0,5.0,0.0,1.0,4.0,482.0
Milwaukee,Milwaukee,C,18,6,4,0160,962.0,76.0,841.0,19.0,20.0,1.0,0.0,2.0,3.0,618.0
Milwaukee,Milwaukee,C,17,6,4,0161,347.0,31.0,303.0,11.0,0.0,2.0,0.0,0.0,0.0,214.0
Milwaukee,Milwaukee,C,17,6,4,0162,695.0,76.0,570.0,37.0,1.0,1.0,2.0,1.0,7.0,372.0
Milwaukee,Milwaukee,C,17,6,4,0163,1205.0,196.0,915.0,43.0,35.0,6.0,0.0,1.0,9.0,659.0
Milwaukee,Milwaukee,C,17,6,4,0164,1292.0,455.0,729.0,63.0,36.0,4.0,0.0,2.0,3.0,814.0
Milwaukee,Milwaukee,C,17,6,4,0165,1296.0,562.0,588.0,80.0,37.0,16.0,2.0,2.0,9.0,706.0
Milwaukee,Milwaukee,C,17,6,4,0166,501.0,236.0,217.0,31.0,12.0,4.0,0.0,0.0,1.0,327.0
Milwaukee,Milwaukee,C,18,6,4,0167,1042.0,721.0,239.0,50.0,13.0,7.0,0.0,5.0,7.0,794.0
Milwaukee,Milwaukee,C,18,6,4,0168,1848.0,1457.0,240.0,85.0,45.0,17.0,0.0,0.0,4.0,1428.0
Milwaukee,Milwaukee,C,18,6,4,0169,1025.0,75.0,750.0,52.0,132.0,4.0,0.0,0.0,12.0,482.0
Milwaukee,Milwaukee,C,16,6,4,0170,898.0,61.0,442.0,15.0,364.0,4.0,0.0,3.0,9.0,393.0
Milwaukee,Milwaukee,C,18,6,4,0171,559.0,18.0,155.0,28.0,349.0,3.0,0.0,0.0,6.0,153.0
Milwaukee,Milwaukee,C,18,6,4,0172,940.0,58.0,648.0,91.0,119.0,4.0,0.0,1.0,19.0,475.0
Milwaukee,Milwaukee,C,16,6,4,0173,1082.0,35.0,909.0,63.0,65.0,1.0,0.0,2.0,7.0,617.0
Milwaukee,Milwaukee,C,16,6,4,0174,1486.0,55.0,1304.0,29.0,81.0,0.0,0.0,1.0,16.0,824.0
Milwaukee,Milwaukee,C,16,6,4,0175,726.0,216.0,475.0,18.0,11.0,2.0,0.0,1.0,3.0,567.0
Milwaukee,Milwaukee,C,16,6,4,0176,1187.0,111.0,999.0,61.0,6.0,5.0,1.0,1.0,3.0,739.0
Milwaukee,Milwaukee,C,16,6,4,0177,2364.0,1602.0,489.0,177.0,80.0,12.0,0.0,2.0,2.0,1806.0
Milwaukee,Milwaukee,C,19,7,4,0178,2215.0,1779.0,231.0,107.0,65.0,19.0,2.0,7.0,5.0,1300.0
Milwaukee,Milwaukee,C,19,7,4,0179,2406.0,1882.0,316.0,101.0,63.0,22.0,5.0,6.0,11.0,1579.0
Milwaukee,Milwaukee,C,19,7,4,0180,1556.0,1293.0,123.0,51.0,79.0,5.0,0.0,3.0,2.0,1132.0
Milwaukee,Milwaukee,C,19,7,4,0181,2129.0,1800.0,98.0,61.0,158.0,4.0,2.0,2.0,4.0,1493.0
Milwaukee,Milwaukee,C,19,7,4,0182,2428.0,1984.0,208.0,97.0,116.0,19.0,2.0,0.0,2.0,1466.0
Milwaukee,Milwaukee,C,19,7,4,0183,2656.0,2209.0,157.0,126.0,129.0,25.0,5.0,3.0,2.0,1936.0
Milwaukee,Milwaukee,C,19,7,4,0184,2592.0,2094.0,274.0,90.0,100.0,21.0,0.0,2.0,11.0,1447.0
Milwaukee,Milwaukee,C,19,7,4,0185,3734.0,3052.0,126.0,143.0,368.0,18.0,1.0,7.0,19.0,1965.0
Milwaukee,Milwaukee,C,19,7,4,0186,2583.0,2224.0,149.0,85.0,107.0,6.0,1.0,2.0,9.0,2001.0
Milwaukee,Milwaukee,C,16,6,4,0187,966.0,673.0,182.0,68.0,34.0,7.0,0.0,1.0,1.0,537.0
Milwaukee,Milwaukee,C,16,6,4,0188,2769.0,1192.0,1347.0,128.0,54.0,26.0,2.0,3.0,17.0,462.0
Milwaukee,Milwaukee,C,16,6,4,0189,917.0,234.0,608.0,33.0,29.0,3.0,0.0,1.0,9.0,617.0
Milwaukee,Milwaukee,C,16,6,4,0190,3106.0,2480.0,230.0,148.0,231.0,10.0,4.0,1.0,2.0,1369.0
Milwaukee,Milwaukee,C,16,6,4,0191,2569.0,2100.0,123.0,133.0,205.0,4.0,2.0,0.0,2.0,1004.0
Milwaukee,Milwaukee,C,18,6,4,0192,2800.0,1869.0,657.0,140.0,107.0,11.0,2.0,8.0,6.0,999.0
Milwaukee,Milwaukee,C,18,6,4,0193,1450.0,165.0,910.0,119.0,227.0,5.0,0.0,4.0,20.0,621.0
Milwaukee,Milwaukee,C,18,6,4,0194,1200.0,500.0,533.0,73.0,67.0,9.0,3.0,2.0,13.0,548.0
Milwaukee,Milwaukee,C,18,6,4,0195,1109.0,176.0,821.0,71.0,22.0,8.0,0.0,4.0,7.0,469.0
Milwaukee,Milwaukee,C,18,6,4,0196,1859.0,378.0,1022.0,270.0,137.0,15.0,3.0,3.0,31.0,820.0
Milwaukee,Milwaukee,C,18,6,4,0197,775.0,86.0,500.0,93.0,73.0,13.0,0.0,0.0,10.0,323.0
Milwaukee,Milwaukee,C,18,6,4,0198,1750.0,311.0,1233.0,164.0,3.0,24.0,0.0,3.0,12.0,791.0
Milwaukee,Milwaukee,C,18,6,4,0199,1349.0,252.0,970.0,86.0,12.0,20.0,0.0,0.0,9.0,579.0
Milwaukee,Milwaukee,C,18,6,4,0200,685.0,155.0,441.0,41.0,40.0,1.0,0.0,3.0,4.0,374.0
Milwaukee,Milwaukee,C,18,6,4,0201,800.0,131.0,555.0,51.0,50.0,4.0,0.0,1.0,8.0,372.0
Milwaukee,Milwaukee,C,18,6,4,0202,1245.0,546.0,453.0,100.0,103.0,23.0,0.0,2.0,18.0,736.0
Milwaukee,Milwaukee,C,18,6,4,0203,1323.0,985.0,229.0,65.0,19.0,16.0,1.0,6.0,2.0,957.0
Milwaukee,Milwaukee,C,18,6,4,0204,1077.0,885.0,123.0,41.0,19.0,7.0,0.0,1.0,1.0,814.0
Milwaukee,Milwaukee,C,18,6,4,0205,1095.0,888.0,99.0,56.0,40.0,5.0,1.0,2.0,4.0,754.0
Milwaukee,Milwaukee,C,7,3,4,0206,774.0,691.0,27.0,32.0,9.0,6.0,1.0,3.0,5.0,603.0
Milwaukee,Milwaukee,C,7,3,4,0207,1107.0,921.0,62.0,76.0,27.0,14.0,0.0,4.0,3.0,717.0
Milwaukee,Milwaukee,C,13,5,4,0208,1152.0,995.0,56.0,74.0,17.0,7.0,1.0,0.0,2.0,787.0
Milwaukee,Milwaukee,C,13,5,4,0209,1064.0,968.0,24.0,52.0,9.0,11.0,0.0,0.0,0.0,724.0
Milwaukee,Milwaukee,C,13,5,4,0210,1215.0,1072.0,38.0,44.0,53.0,6.0,0.0,0.0,2.0,785.0
Milwaukee,Milwaukee,C,13,5,4,0211,1241.0,973.0,78.0,108.0,71.0,6.0,0.0,4.0,1.0,689.0
Milwaukee,Milwaukee,C,13,5,4,0212,1429.0,1100.0,79.0,184.0,25.0,37.0,0.0,0.0,4.0,817.0
Milwaukee,Milwaukee,C,7,3,4,0213,1799.0,1310.0,225.0,205.0,26.0,26.0,1.0,2.0,4.0,876.0
Milwaukee,Milwaukee,C,18,6,4,0214,767.0,388.0,193.0,102.0,61.0,17.0,2.0,1.0,3.0,405.0
Milwaukee,Milwaukee,C,9,3,4,0215,1035.0,301.0,99.0,539.0,55.0,35.0,0.0,3.0,3.0,336.0
Milwaukee,Milwaukee,C,9,3,4,0216,997.0,246.0,69.0,602.0,43.0,30.0,0.0,0.0,7.0,303.0
Milwaukee,Milwaukee,C,9,3,4,0217,1618.0,465.0,50.0,993.0,82.0,25.0,0.0,2.0,1.0,627.0
Milwaukee,Milwaukee,C,9,3,4,0218,2079.0,488.0,58.0,1413.0,87.0,25.0,0.0,2.0,6.0,723.0
Milwaukee,Milwaukee,C,9,3,4,0219,1464.0,366.0,79.0,929.0,61.0,25.0,0.0,1.0,3.0,505.0
Milwaukee,Milwaukee,C,9,3,4,0220,1367.0,332.0,34.0,896.0,85.0,16.0,0.0,0.0,4.0,549.0
Milwaukee,Milwaukee,C,9,3,4,0221,2532.0,838.0,143.0,1399.0,110.0,38.0,0.0,2.0,2.0,921.0
Milwaukee,Milwaukee,C,8,3,4,0222,1919.0,398.0,128.0,1283.0,67.0,39.0,1.0,0.0,3.0,600.0
Milwaukee,Milwaukee,C,8,3,4,0223,2068.0,474.0,77.0,1431.0,34.0,48.0,0.0,3.0,1.0,641.0
Milwaukee,Milwaukee,C,8,3,4,0224,1860.0,444.0,106.0,1236.0,34.0,32.0,0.0,4.0,4.0,512.0
Milwaukee,Milwaukee,C,8,3,4,0225,1811.0,313.0,205.0,1236.0,28.0,26.0,1.0,1.0,1.0,487.0
Milwaukee,Milwaukee,C,9,3,4,0226,969.0,193.0,112.0,610.0,21.0,15.0,1.0,4.0,13.0,270.0
Milwaukee,Milwaukee,C,9,3,4,0227,2025.0,601.0,399.0,880.0,105.0,32.0,0.0,0.0,8.0,780.0
Milwaukee,Milwaukee,C,8,3,4,0228,1422.0,209.0,164.0,995.0,37.0,14.0,2.0,0.0,1.0,397.0
Milwaukee,Milwaukee,C,8,3,4,0229,1366.0,219.0,114.0,992.0,30.0,7.0,0.0,1.0,3.0,372.0
Milwaukee,Milwaukee,C,8,3,4,0230,2052.0,347.0,188.0,1443.0,41.0,27.0,0.0,2.0,4.0,652.0
Milwaukee,Milwaukee,C,8,3,4,0231,1213.0,138.0,110.0,910.0,39.0,8.0,1.0,4.0,3.0,349.0
Milwaukee,Milwaukee,C,8,3,4,0232,1190.0,112.0,118.0,927.0,13.0,15.0,1.0,0.0,4.0,230.0
Milwaukee,Milwaukee,C,8,3,4,0233,900.0,97.0,78.0,700.0,12.0,9.0,0.0,3.0,1.0,222.0
Milwaukee,Milwaukee,C,8,3,4,0234,852.0,147.0,82.0,604.0,4.0,9.0,0.0,4.0,2.0,404.0
Milwaukee,Milwaukee,C,8,3,4,0235,1680.0,1070.0,136.0,417.0,30.0,20.0,1.0,3.0,3.0,1341.0
Milwaukee,Milwaukee,C,8,3,4,0236,1528.0,215.0,124.0,1131.0,40.0,14.0,0.0,0.0,4.0,462.0
Milwaukee,Milwaukee,C,8,3,4,0237,1992.0,268.0,202.0,1465.0,24.0,20.0,5.0,3.0,5.0,574.0
Milwaukee,Milwaukee,C,8,3,4,0238,1742.0,286.0,154.0,1259.0,22.0,17.0,0.0,0.0,4.0,511.0
Milwaukee,Milwaukee,C,8,3,4,0239,1506.0,276.0,131.0,1038.0,17.0,32.0,0.0,8.0,4.0,434.0
Milwaukee,Milwaukee,C,8,3,4,0240,1520.0,309.0,203.0,959.0,13.0,29.0,0.0,1.0,6.0,506.0
Milwaukee,Milwaukee,C,19,7,4,0241,1459.0,1152.0,53.0,209.0,22.0,20.0,0.0,0.0,3.0,902.0
Milwaukee,Milwaukee,C,19,7,4,0242,1132.0,987.0,33.0,75.0,10.0,24.0,1.0,1.0,1.0,821.0
Milwaukee,Milwaukee,C,19,7,4,0243,1223.0,1119.0,13.0,58.0,20.0,9.0,1.0,2.0,1.0,1029.0
Milwaukee,Milwaukee,C,19,7,4,0244,1047.0,927.0,12.0,83.0,14.0,9.0,1.0,0.0,1.0,806.0
Milwaukee,Milwaukee,C,19,7,4,0245,850.0,780.0,9.0,42.0,15.0,3.0,0.0,1.0,0.0,710.0
Milwaukee,Milwaukee,C,19,7,4,0246,1572.0,1378.0,30.0,114.0,15.0,28.0,3.0,2.0,2.0,1213.0
Milwaukee,Milwaukee,C,19,7,4,0247,832.0,684.0,20.0,107.0,8.0,11.0,0.0,0.0,2.0,609.0
Milwaukee,Milwaukee,C,19,7,4,0248,1773.0,1314.0,104.0,264.0,47.0,29.0,2.0,3.0,10.0,1230.0
Milwaukee,Milwaukee,C,8,3,4,0249,1299.0,426.0,122.0,696.0,15.0,27.0,7.0,0.0,6.0,399.0
Milwaukee,Milwaukee,C,8,3,4,0250,1105.0,264.0,54.0,745.0,28.0,13.0,0.0,0.0,1.0,350.0
Milwaukee,Milwaukee,C,8,3,4,0251,893.0,168.0,51.0,623.0,32.0,17.0,0.0,0.0,2.0,214.0
Milwaukee,Milwaukee,C,9,3,4,0252,1665.0,468.0,103.0,1044.0,11.0,36.0,0.0,1.0,2.0,467.0
Milwaukee,Milwaukee,C,9,3,4,0253,730.0,201.0,19.0,486.0,10.0,11.0,1.0,0.0,2.0,234.0
Milwaukee,Milwaukee,C,8,3,4,0254,807.0,138.0,68.0,560.0,11.0,20.0,0.0,4.0,6.0,202.0
Milwaukee,Milwaukee,C,8,3,4,0255,911.0,174.0,61.0,634.0,18.0,21.0,0.0,1.0,2.0,279.0
Milwaukee,Milwaukee,C,8,3,4,0256,1222.0,243.0,78.0,869.0,9.0,16.0,0.0,2.0,5.0,315.0
Milwaukee,Milwaukee,C,8,3,4,0257,2076.0,430.0,142.0,1427.0,44.0,30.0,2.0,0.0,1.0,679.0
Milwaukee,Milwaukee,C,9,3,4,0258,2005.0,627.0,69.0,1223.0,46.0,33.0,1.0,1.0,5.0,723.0
Milwaukee,Milwaukee,C,9,3,4,0259,1273.0,446.0,41.0,748.0,9.0,23.0,0.0,2.0,4.0,474.0
Milwaukee,Milwaukee,C,9,3,4,0260,730.0,407.0,43.0,233.0,35.0,10.0,0.0,1.0,1.0,367.0
Milwaukee,Milwaukee,C,7,3,4,0261,775.0,578.0,32.0,137.0,16.0,8.0,0.0,2.0,2.0,498.0
Milwaukee,Milwaukee,C,7,3,4,0262,1523.0,1259.0,25.0,186.0,38.0,13.0,1.0,1.0,0.0,1031.0
Milwaukee,Milwaukee,C,7,3,4,0263,1061.0,715.0,92.0,214.0,22.0,16.0,1.0,0.0,1.0,540.0
Milwaukee,Milwaukee,C,7,3,4,0264,1691.0,1368.0,53.0,222.0,32.0,11.0,0.0,1.0,4.0,1141.0
Milwaukee,Milwaukee,C,7,3,4,0265,958.0,838.0,14.0,83.0,6.0,13.0,1.0,1.0,2.0,600.0
Milwaukee,Milwaukee,C,7,3,4,0266,1058.0,913.0,15.0,97.0,20.0,7.0,1.0,1.0,4.0,665.0
Milwaukee,Milwaukee,C,7,3,4,0267,874.0,784.0,9.0,63.0,8.0,9.0,0.0,0.0,1.0,597.0
Milwaukee,Milwaukee,C,7,3,4,0268,2220.0,1837.0,58.0,250.0,35.0,30.0,1.0,6.0,3.0,1306.0
Milwaukee,Milwaukee,C,84,28,4,0269,1449.0,1240.0,45.0,123.0,26.0,10.0,0.0,2.0,3.0,829.0
Milwaukee,Milwaukee,C,84,28,4,0270,1197.0,1072.0,17.0,67.0,28.0,9.0,0.0,1.0,3.0,773.0
Milwaukee,Milwaukee,C,84,28,4,0271,2190.0,1915.0,60.0,159.0,43.0,11.0,0.0,2.0,0.0,1371.0
Milwaukee,Milwaukee,C,84,28,4,0272,1455.0,1244.0,42.0,133.0,10.0,19.0,2.0,2.0,3.0,995.0
Milwaukee,Milwaukee,C,84,28,4,0273,912.0,814.0,10.0,49.0,23.0,12.0,1.0,0.0,3.0,579.0
Milwaukee,Milwaukee,C,84,28,4,0274,901.0,763.0,25.0,87.0,11.0,12.0,0.0,2.0,1.0,558.0
Milwaukee,Milwaukee,C,84,28,4,0275,2249.0,1758.0,94.0,259.0,93.0,33.0,0.0,6.0,6.0,1234.0
Milwaukee,Milwaukee,C,84,28,4,0276,1666.0,1459.0,10.0,112.0,62.0,16.0,2.0,5.0,0.0,1257.0
Milwaukee,Milwaukee,C,84,28,4,0277,2030.0,1679.0,58.0,224.0,37.0,24.0,2.0,1.0,5.0,1206.0
Milwaukee,Milwaukee,C,84,28,4,0278,1159.0,923.0,40.0,153.0,19.0,22.0,0.0,2.0,0.0,731.0
Milwaukee,Milwaukee,C,7,3,4,0279,1670.0,1403.0,23.0,185.0,39.0,19.0,0.0,0.0,1.0,991.0
Milwaukee,Milwaukee,C,7,3,4,0280,2823.0,1965.0,181.0,513.0,123.0,27.0,3.0,2.0,9.0,1552.0
Milwaukee,Milwaukee,C,9,3,4,0281,1242.0,774.0,53.0,331.0,58.0,16.0,0.0,1.0,9.0,737.0
Milwaukee,Milwaukee,C,9,3,4,0282,988.0,446.0,129.0,281.0,103.0,18.0,1.0,2.0,8.0,356.0
Milwaukee,Milwaukee,C,9,3,4,0283,1421.0,757.0,80.0,492.0,65.0,14.0,1.0,8.0,4.0,679.0
Milwaukee,Milwaukee,C,9,3,4,0284,1225.0,514.0,121.0,555.0,18.0,15.0,0.0,0.0,2.0,703.0
Milwaukee,Milwaukee,C,9,3,4,0285,385.0,121.0,17.0,243.0,0.0,3.0,1.0,0.0,0.0,168.0
Milwaukee,Milwaukee,C,9,3,4,0286,1025.0,633.0,39.0,331.0,13.0,4.0,3.0,1.0,1.0,471.0
Milwaukee,Milwaukee,C,9,3,4,0287,776.0,484.0,9.0,252.0,12.0,17.0,0.0,2.0,0.0,459.0
Milwaukee,Milwaukee,C,9,3,4,0288,1691.0,1118.0,36.0,496.0,20.0,19.0,0.0,2.0,0.0,1066.0
Milwaukee,Milwaukee,C,9,3,4,0289,1300.0,659.0,26.0,575.0,24.0,12.0,2.0,0.0,2.0,617.0
Milwaukee,Milwaukee,C,9,3,4,0290,1482.0,465.0,35.0,921.0,31.0,28.0,0.0,1.0,1.0,514.0
Milwaukee,Milwaukee,C,9,3,4,0291,1284.0,502.0,27.0,726.0,11.0,13.0,3.0,1.0,1.0,544.0
Milwaukee,Milwaukee,C,9,3,4,0292,1087.0,692.0,13.0,353.0,9.0,16.0,0.0,2.0,2.0,602.0
Milwaukee,Milwaukee,C,20,7,4,0293,1073.0,903.0,14.0,128.0,9.0,15.0,0.0,3.0,1.0,748.0
Milwaukee,Milwaukee,C,20,7,4,0294,840.0,702.0,9.0,100.0,15.0,13.0,0.0,1.0,0.0,588.0
Milwaukee,Milwaukee,C,20,7,4,0295,1029.0,848.0,17.0,124.0,8.0,26.0,1.0,0.0,5.0,711.0
Milwaukee,Milwaukee,C,20,7,4,0296,1241.0,1098.0,16.0,93.0,21.0,10.0,2.0,0.0,1.0,911.0
Milwaukee,Milwaukee,C,20,7,4,0297,1064.0,894.0,29.0,102.0,15.0,23.0,0.0,0.0,1.0,833.0
Milwaukee,Milwaukee,C,20,7,4,0298,931.0,807.0,22.0,85.0,2.0,15.0,0.0,0.0,0.0,690.0
Milwaukee,Milwaukee,C,20,7,4,0299,1155.0,1021.0,10.0,69.0,27.0,25.0,0.0,2.0,1.0,846.0
Milwaukee,Milwaukee,C,20,7,4,0300,1382.0,1284.0,9.0,66.0,13.0,10.0,0.0,0.0,0.0,1162.0
Milwaukee,Milwaukee,C,20,7,4,0301,1510.0,1328.0,31.0,121.0,7.0,21.0,0.0,1.0,1.0,1062.0
Milwaukee,Milwaukee,C,20,7,4,0302,1035.0,882.0,21.0,106.0,13.0,12.0,1.0,0.0,0.0,705.0
Milwaukee,Milwaukee,C,20,7,4,0303,1454.0,1299.0,9.0,111.0,23.0,9.0,0.0,1.0,2.0,1115.0
Milwaukee,Milwaukee,C,20,7,4,0304,1441.0,1099.0,35.0,203.0,79.0,20.0,0.0,4.0,1.0,861.0
Milwaukee,Milwaukee,C,20,7,4,0305,1326.0,1180.0,9.0,102.0,13.0,19.0,1.0,0.0,2.0,856.0
Milwaukee,Milwaukee,C,9,3,4,0306,1206.0,889.0,70.0,210.0,21.0,9.0,0.0,3.0,4.0,741.0
Milwaukee,Milwaukee,C,9,3,4,0307,1254.0,912.0,37.0,265.0,23.0,15.0,0.0,0.0,2.0,794.0
Milwaukee,Milwaukee,C,9,3,4,0308,1868.0,1062.0,122.0,487.0,147.0,33.0,2.0,10.0,5.0,674.0
Milwaukee,Milwaukee,C,7,3,4,0309,1580.0,1208.0,18.0,227.0,102.0,16.0,4.0,4.0,1.0,1075.0
Milwaukee,Milwaukee,C,7,3,4,0310,933.0,573.0,44.0,168.0,141.0,6.0,0.0,0.0,1.0,335.0
Milwaukee,Milwaukee,C,7,3,4,0311,997.0,748.0,23.0,118.0,90.0,9.0,3.0,2.0,4.0,625.0
Milwaukee,Milwaukee,C,7,3,4,0312,1167.0,985.0,10.0,124.0,42.0,5.0,0.0,0.0,1.0,852.0
Milwaukee,Milwaukee,C,20,7,4,0313,2871.0,2360.0,82.0,303.0,94.0,19.0,1.0,4.0,8.0,1740.0
Milwaukee,Milwaukee,C,20,7,4,0314,941.0,770.0,11.0,131.0,18.0,11.0,0.0,0.0,0.0,665.0
Milwaukee,Milwaukee,C,20,7,4,0315,1909.0,1551.0,43.0,203.0,82.0,22.0,3.0,2.0,3.0,1172.0
Milwaukee,Milwaukee,C,20,7,4,0316,1242.0,1003.0,18.0,151.0,49.0,17.0,2.0,0.0,2.0,704.0
Milwaukee,Milwaukee,C,20,7,4,0317,1191.0,940.0,16.0,189.0,22.0,17.0,3.0,1.0,3.0,821.0
Milwaukee,Milwaukee,C,9,3,4,0320,84.0,40.0,26.0,14.0,1.0,2.0,0.0,0.0,1.0,42.0
Milwaukee,Milwaukee,C,8,3,4,0321,813.0,104.0,76.0,589.0,36.0,6.0,1.0,0.0,1.0,221.0
Milwaukee,Milwaukee,C,9,3,4,0322,338.0,102.0,17.0,211.0,5.0,3.0,0.0,0.0,0.0,139.0
Milwaukee,Milwaukee,C,8,3,4,0323,784.0,171.0,51.0,540.0,6.0,15.0,0.0,0.0,1.0,241.0
Milwaukee,Milwaukee,C,8,3,4,0324,455.0,92.0,31.0,323.0,4.0,3.0,0.0,0.0,2.0,98.0
Milwaukee,Milwaukee,C,9,3,4,0325,508.0,366.0,15.0,105.0,9.0,10.0,0.0,1.0,2.0,361.0
Milwaukee,Milwaukee,C,7,3,4,0326,3.0,1.0,0.0,2.0,0.0,0.0,0.0,0.0,0.0,5.0
Milwaukee,Milwaukee,C,7,3,4,0327,1.0,0.0,0.0,1.0,0.0,0.0,0.0,0.0,0.0,0.0
Milwaukee,Oak Creek,C,21,7,1,0001,1388.0,1185.0,36.0,108.0,51.0,8.0,0.0,0.0,0.0,919.0
Milwaukee,Oak Creek,C,21,7,1,0002,1592.0,1381.0,37.0,115.0,52.0,5.0,0.0,2.0,0.0,1105.0
Milwaukee,Oak Creek,C,21,7,1,0003,1341.0,1246.0,5.0,55.0,25.0,4.0,0.0,0.0,6.0,910.0
Milwaukee,Oak Creek,C,21,7,1,0004,1529.0,1282.0,47.0,100.0,88.0,9.0,3.0,0.0,0.0,955.0
Milwaukee,Oak Creek,C,21,7,1,0005,1636.0,1401.0,39.0,101.0,62.0,25.0,2.0,5.0,1.0,900.0
Milwaukee,Oak Creek,C,21,7,1,0006,1574.0,1254.0,85.0,137.0,82.0,13.0,0.0,3.0,0.0,976.0
Milwaukee,Oak Creek,C,21,7,1,0007,1045.0,904.0,18.0,65.0,40.0,12.0,1.0,2.0,3.0,780.0
Milwaukee,Oak Creek,C,21,7,1,0008,1389.0,1161.0,21.0,94.0,98.0,15.0,0.0,0.0,0.0,1078.0
Milwaukee,Oak Creek,C,21,7,1,0009,1653.0,1407.0,41.0,93.0,94.0,13.0,1.0,2.0,2.0,1102.0
Milwaukee,Oak Creek,C,21,7,1,0010,1660.0,1513.0,20.0,75.0,37.0,11.0,1.0,1.0,2.0,1120.0
Milwaukee,Oak Creek,C,21,7,1,0011,1528.0,1387.0,16.0,79.0,27.0,14.0,0.0,1.0,4.0,1140.0
Milwaukee,Oak Creek,C,21,7,1,0012,1295.0,1164.0,31.0,70.0,17.0,13.0,0.0,0.0,0.0,990.0
Milwaukee,Oak Creek,C,21,7,1,0013,1264.0,1089.0,51.0,65.0,52.0,5.0,0.0,0.0,2.0,986.0
Milwaukee,Oak Creek,C,21,7,1,0014,1451.0,1306.0,19.0,78.0,37.0,10.0,0.0,1.0,0.0,1135.0
Milwaukee,Oak Creek,C,21,7,1,0015,1374.0,1176.0,17.0,83.0,72.0,15.0,0.0,2.0,9.0,1121.0
Milwaukee,Oak Creek,C,21,7,1,0016,1619.0,1245.0,54.0,108.0,196.0,11.0,2.0,1.0,2.0,875.0
Milwaukee,Oak Creek,C,21,7,1,0017,877.0,709.0,48.0,54.0,60.0,0.0,1.0,2.0,3.0,476.0
Milwaukee,Oak Creek,C,21,7,1,0018,545.0,482.0,16.0,21.0,22.0,4.0,0.0,0.0,0.0,342.0
Milwaukee,Oak Creek,C,21,7,1,0019,1559.0,1271.0,74.0,96.0,95.0,14.0,2.0,0.0,7.0,923.0
Milwaukee,River Hills,V,24,8,6,0001,181.0,168.0,4.0,6.0,1.0,2.0,0.0,0.0,0.0,168.0
Milwaukee,River Hills,V,24,8,6,0002,533.0,463.0,20.0,6.0,44.0,0.0,0.0,0.0,0.0,505.0
Milwaukee,River Hills,V,24,8,6,0003,499.0,361.0,51.0,30.0,54.0,1.0,0.0,2.0,0.0,478.0
Milwaukee,St. Francis,C,20,7,4,0001,697.0,623.0,11.0,42.0,11.0,9.0,0.0,1.0,0.0,484.0
Milwaukee,St. Francis,C,20,7,4,0002,603.0,530.0,15.0,44.0,7.0,7.0,0.0,0.0,0.0,426.0
Milwaukee,St. Francis,C,20,7,4,0003,570.0,503.0,6.0,45.0,8.0,8.0,0.0,0.0,0.0,417.0
Milwaukee,St. Francis,C,20,7,4,0004,723.0,539.0,63.0,89.0,23.0,7.0,1.0,0.0,1.0,522.0
Milwaukee,St. Francis,C,20,7,4,0005,715.0,636.0,19.0,37.0,11.0,10.0,0.0,0.0,2.0,441.0
Milwaukee,St. Francis,C,20,7,4,0006,562.0,462.0,13.0,66.0,8.0,12.0,0.0,1.0,0.0,363.0
Milwaukee,St. Francis,C,20,7,4,0007,597.0,508.0,8.0,49.0,25.0,6.0,0.0,0.0,1.0,372.0
Milwaukee,St. Francis,C,20,7,4,0008,715.0,638.0,9.0,57.0,7.0,2.0,0.0,0.0,2.0,509.0
Milwaukee,St. Francis,C,20,7,4,0009,780.0,684.0,10.0,48.0,36.0,2.0,0.0,0.0,0.0,432.0
Milwaukee,St. Francis,C,20,7,4,0010,548.0,475.0,20.0,19.0,31.0,2.0,0.0,0.0,1.0,296.0
Milwaukee,St. Francis,C,20,7,4,0011,662.0,580.0,15.0,43.0,8.0,13.0,0.0,2.0,1.0,399.0
Milwaukee,St. Francis,C,20,7,4,0012,703.0,604.0,26.0,54.0,10.0,6.0,0.0,1.0,2.0,411.0
Milwaukee,Shorewood,V,10,4,4,0001,805.0,671.0,61.0,22.0,44.0,5.0,0.0,0.0,2.0,521.0
Milwaukee,Shorewood,V,10,4,4,0002,1307.0,1133.0,29.0,30.0,105.0,5.0,0.0,0.0,5.0,888.0
Milwaukee,Shorewood,V,10,4,4,0003,1340.0,1169.0,35.0,37.0,89.0,7.0,1.0,2.0,0.0,998.0
Milwaukee,Shorewood,V,10,4,4,0004,922.0,856.0,11.0,18.0,35.0,1.0,1.0,0.0,0.0,792.0
Milwaukee,Shorewood,V,10,4,4,0005,874.0,774.0,23.0,26.0,44.0,2.0,0.0,4.0,1.0,756.0
Milwaukee,Shorewood,V,10,4,4,0006,560.0,520.0,12.0,10.0,15.0,1.0,0.0,1.0,1.0,536.0
Milwaukee,Shorewood,V,10,4,4,0007,797.0,685.0,22.0,41.0,40.0,4.0,3.0,0.0,2.0,652.0
Milwaukee,Shorewood,V,10,4,4,0008,763.0,671.0,25.0,30.0,32.0,5.0,0.0,0.0,0.0,618.0
Milwaukee,Shorewood,V,10,4,4,0009,936.0,823.0,28.0,25.0,53.0,6.0,0.0,0.0,1.0,795.0
Milwaukee,Shorewood,V,10,4,4,0010,809.0,721.0,34.0,18.0,31.0,3.0,1.0,0.0,1.0,664.0
Milwaukee,Shorewood,V,10,4,4,0011,634.0,575.0,14.0,18.0,24.0,2.0,0.0,0.0,1.0,540.0
Milwaukee,Shorewood,V,10,4,4,0012,883.0,735.0,18.0,28.0,91.0,3.0,1.0,2.0,5.0,770.0
Milwaukee,South Milwaukee,C,21,7,4,0001,1078.0,980.0,11.0,64.0,10.0,12.0,0.0,0.0,1.0,644.0
Milwaukee,South Milwaukee,C,21,7,4,0002,862.0,810.0,13.0,27.0,5.0,6.0,0.0,0.0,1.0,516.0
Milwaukee,South Milwaukee,C,21,7,4,0003,1220.0,1015.0,30.0,132.0,14.0,26.0,1.0,0.0,2.0,762.0
Milwaukee,South Milwaukee,C,21,7,4,0004,1003.0,912.0,14.0,56.0,8.0,11.0,0.0,1.0,1.0,625.0
Milwaukee,South Milwaukee,C,21,7,4,0005,885.0,769.0,23.0,69.0,17.0,5.0,1.0,0.0,1.0,506.0
Milwaukee,South Milwaukee,C,21,7,4,0006,1047.0,931.0,24.0,64.0,10.0,17.0,0.0,1.0,0.0,593.0
Milwaukee,South Milwaukee,C,21,7,4,0007,815.0,726.0,19.0,60.0,3.0,7.0,0.0,0.0,0.0,492.0
Milwaukee,South Milwaukee,C,21,7,4,0008,1301.0,1198.0,11.0,68.0,11.0,12.0,0.0,1.0,0.0,695.0
Milwaukee,South Milwaukee,C,21,7,4,0009,935.0,858.0,2.0,42.0,18.0,12.0,0.0,3.0,0.0,667.0
Milwaukee,South Milwaukee,C,21,7,4,0010,910.0,837.0,9.0,39.0,11.0,7.0,3.0,4.0,0.0,640.0
Milwaukee,South Milwaukee,C,21,7,4,0011,1212.0,1119.0,21.0,48.0,14.0,9.0,0.0,0.0,1.0,830.0
Milwaukee,South Milwaukee,C,21,7,4,0012,1047.0,958.0,11.0,43.0,9.0,26.0,0.0,0.0,0.0,754.0
Milwaukee,South Milwaukee,C,21,7,4,0013,939.0,843.0,14.0,64.0,5.0,12.0,0.0,0.0,1.0,585.0
Milwaukee,South Milwaukee,C,21,7,4,0014,919.0,856.0,10.0,37.0,8.0,7.0,0.0,1.0,0.0,564.0
Milwaukee,South Milwaukee,C,21,7,4,0015,960.0,896.0,7.0,39.0,11.0,5.0,0.0,0.0,2.0,588.0
Milwaukee,South Milwaukee,C,21,7,4,0016,1402.0,1109.0,69.0,150.0,51.0,15.0,0.0,5.0,3.0,824.0
Milwaukee,Wauwatosa,C,14,5,5,0001,1322.0,1256.0,24.0,23.0,17.0,2.0,0.0,0.0,0.0,1210.0
Milwaukee,Wauwatosa,C,14,5,5,0002,1425.0,1307.0,42.0,42.0,24.0,7.0,0.0,2.0,1.0,1196.0
Milwaukee,Wauwatosa,C,14,5,5,0003,1499.0,1362.0,69.0,40.0,19.0,7.0,0.0,0.0,2.0,1309.0
Milwaukee,Wauwatosa,C,14,5,5,0004,2028.0,1931.0,19.0,30.0,37.0,8.0,1.0,2.0,0.0,1742.0
Milwaukee,Wauwatosa,C,13,5,5,0005,1482.0,1282.0,36.0,41.0,114.0,4.0,0.0,2.0,3.0,959.0
Milwaukee,Wauwatosa,C,13,5,5,0006,1289.0,1173.0,42.0,37.0,31.0,1.0,0.0,1.0,4.0,860.0
Milwaukee,Wauwatosa,C,13,5,5,0007,1825.0,1674.0,23.0,47.0,72.0,5.0,0.0,1.0,3.0,1422.0
Milwaukee,Wauwatosa,C,13,5,5,0008,1114.0,995.0,62.0,24.0,29.0,0.0,1.0,1.0,2.0,675.0
Milwaukee,Wauwatosa,C,13,5,5,0009,1803.0,1625.0,45.0,62.0,51.0,12.0,4.0,3.0,1.0,1389.0
Milwaukee,Wauwatosa,C,13,5,5,0010,1420.0,1272.0,63.0,30.0,41.0,9.0,0.0,3.0,2.0,1171.0
Milwaukee,Wauwatosa,C,13,5,5,0011,1631.0,1459.0,65.0,50.0,39.0,12.0,1.0,0.0,5.0,1247.0
Milwaukee,Wauwatosa,C,13,5,5,0012,1561.0,1494.0,12.0,25.0,19.0,4.0,1.0,1.0,5.0,1413.0
Milwaukee,Wauwatosa,C,14,5,5,0013,1047.0,888.0,50.0,20.0,85.0,2.0,2.0,0.0,0.0,695.0
Milwaukee,Wauwatosa,C,14,5,5,0014,1619.0,1419.0,114.0,45.0,27.0,7.0,1.0,1.0,5.0,1281.0
Milwaukee,Wauwatosa,C,14,5,5,0015,1707.0,1470.0,138.0,64.0,23.0,7.0,1.0,3.0,1.0,1378.0
Milwaukee,Wauwatosa,C,14,5,5,0016,1548.0,1464.0,29.0,24.0,20.0,4.0,2.0,0.0,5.0,1442.0
Milwaukee,Wauwatosa,C,14,5,5,0017,1286.0,1245.0,9.0,11.0,20.0,0.0,1.0,0.0,0.0,1214.0
Milwaukee,Wauwatosa,C,14,5,5,0018,1350.0,1119.0,96.0,42.0,74.0,5.0,1.0,5.0,8.0,1077.0
Milwaukee,Wauwatosa,C,14,5,5,0019,1618.0,1331.0,108.0,33.0,113.0,19.0,2.0,5.0,7.0,1114.0
Milwaukee,Wauwatosa,C,13,5,5,0020,1556.0,1466.0,25.0,35.0,26.0,3.0,1.0,0.0,0.0,1480.0
Milwaukee,Wauwatosa,C,13,5,5,0021,1415.0,1270.0,54.0,44.0,33.0,8.0,0.0,1.0,5.0,1078.0
Milwaukee,Wauwatosa,C,14,5,5,0022,1386.0,1271.0,57.0,24.0,33.0,0.0,0.0,1.0,0.0,1166.0
Milwaukee,Wauwatosa,C,14,5,5,0023,1468.0,1238.0,110.0,47.0,60.0,12.0,0.0,1.0,0.0,1143.0
Milwaukee,Wauwatosa,C,12,4,5,0024,1831.0,1507.0,219.0,25.0,61.0,9.0,0.0,3.0,7.0,1050.0
Milwaukee,West Allis,C,7,3,5,0001,1644.0,1267.0,87.0,229.0,26.0,31.0,2.0,1.0,1.0,876.0
Milwaukee,West Allis,C,7,3,5,0002,2133.0,1677.0,125.0,236.0,56.0,28.0,0.0,5.0,6.0,1157.0
Milwaukee,West Allis,C,7,3,5,0003,1702.0,1225.0,85.0,307.0,22.0,58.0,1.0,1.0,3.0,802.0
Milwaukee,West Allis,C,7,3,5,0004,2048.0,1734.0,57.0,213.0,20.0,21.0,1.0,1.0,1.0,1259.0
Milwaukee,West Allis,C,7,3,5,0005,1780.0,1456.0,59.0,221.0,18.0,23.0,2.0,0.0,1.0,1001.0
Milwaukee,West Allis,C,13,5,5,0006,1681.0,1340.0,72.0,198.0,37.0,28.0,1.0,0.0,5.0,930.0
Milwaukee,West Allis,C,15,5,5,0007,1918.0,1670.0,69.0,101.0,26.0,44.0,0.0,4.0,4.0,1129.0
Milwaukee,West Allis,C,15,5,5,0008,1708.0,1420.0,80.0,133.0,33.0,35.0,1.0,2.0,4.0,968.0
Milwaukee,West Allis,C,15,5,5,0009,2085.0,1811.0,59.0,150.0,20.0,38.0,0.0,4.0,3.0,1295.0
Milwaukee,West Allis,C,7,3,5,0010,1980.0,1667.0,68.0,181.0,28.0,29.0,0.0,2.0,5.0,1113.0
Milwaukee,West Allis,C,13,5,5,0011,2158.0,1971.0,37.0,94.0,27.0,25.0,0.0,2.0,2.0,1347.0
Milwaukee,West Allis,C,13,5,5,0012,1786.0,1666.0,14.0,64.0,30.0,10.0,0.0,1.0,1.0,1210.0
Milwaukee,West Allis,C,15,5,5,0013,2377.0,2225.0,20.0,65.0,44.0,16.0,1.0,3.0,3.0,1649.0
Milwaukee,West Allis,C,15,5,5,0014,1768.0,1500.0,77.0,132.0,21.0,33.0,0.0,0.0,5.0,960.0
Milwaukee,West Allis,C,15,5,5,0015,1751.0,1552.0,50.0,97.0,31.0,19.0,0.0,0.0,2.0,953.0
Milwaukee,West Allis,C,15,5,5,0016,1579.0,1447.0,18.0,72.0,22.0,19.0,0.0,1.0,0.0,953.0
Milwaukee,West Allis,C,15,5,5,0017,2123.0,1865.0,66.0,137.0,25.0,26.0,1.0,1.0,2.0,1339.0
Milwaukee,West Allis,C,15,5,5,0018,2242.0,2091.0,19.0,80.0,34.0,9.0,3.0,1.0,5.0,1545.0
Milwaukee,West Allis,C,15,5,5,0019,2370.0,2201.0,42.0,75.0,33.0,12.0,1.0,4.0,2.0,1464.0
Milwaukee,West Allis,C,7,3,5,0020,1517.0,1346.0,44.0,69.0,36.0,15.0,1.0,3.0,3.0,975.0
Milwaukee,West Allis,C,15,5,5,0021,2205.0,1872.0,66.0,99.0,146.0,10.0,2.0,2.0,8.0,1240.0
Milwaukee,West Allis,C,15,5,5,0022,1749.0,1468.0,76.0,133.0,48.0,19.0,1.0,0.0,4.0,980.0
Milwaukee,West Allis,C,15,5,5,0023,2124.0,1933.0,33.0,80.0,54.0,18.0,0.0,2.0,4.0,1449.0
Milwaukee,West Allis,C,15,5,5,0024,1702.0,1249.0,173.0,120.0,137.0,17.0,4.0,1.0,1.0,883.0
Milwaukee,West Allis,C,15,5,5,0025,1873.0,1739.0,32.0,54.0,35.0,10.0,0.0,1.0,2.0,1287.0
Milwaukee,West Milwaukee,V,7,3,4,0001,746.0,447.0,86.0,168.0,26.0,16.0,0.0,0.0,3.0,352.0
Milwaukee,West Milwaukee,V,7,3,4,0002,374.0,239.0,31.0,92.0,5.0,4.0,0.0,0.0,3.0,183.0
Milwaukee,West Milwaukee,V,7,3,4,0003,581.0,392.0,28.0,130.0,24.0,7.0,0.0,0.0,0.0,311.0
Milwaukee,West Milwaukee,V,7,3,4,0004,572.0,430.0,30.0,99.0,9.0,3.0,0.0,0.0,1.0,285.0
Milwaukee,West Milwaukee,V,7,3,4,0005,477.0,290.0,81.0,80.0,16.0,5.0,1.0,0.0,4.0,226.0
Milwaukee,West Milwaukee,V,7,3,4,0006,517.0,338.0,93.0,70.0,12.0,4.0,0.0,0.0,0.0,257.0
Milwaukee,Whitefish Bay,V,23,8,4,0001,880.0,842.0,7.0,14.0,13.0,0.0,0.0,3.0,1.0,794.0
Milwaukee,Whitefish Bay,V,23,8,4,0002,657.0,622.0,2.0,10.0,15.0,5.0,0.0,3.0,0.0,613.0
Milwaukee,Whitefish Bay,V,23,8,4,0003,500.0,455.0,8.0,18.0,17.0,2.0,0.0,0.0,0.0,497.0
Milwaukee,Whitefish Bay,V,23,8,4,0004,868.0,823.0,3.0,22.0,14.0,3.0,0.0,2.0,1.0,852.0
Milwaukee,Whitefish Bay,V,23,8,4,0005,770.0,705.0,13.0,25.0,19.0,4.0,0.0,1.0,3.0,713.0
Milwaukee,Whitefish Bay,V,23,8,4,0006,830.0,775.0,17.0,10.0,26.0,1.0,0.0,1.0,0.0,761.0
Milwaukee,Whitefish Bay,V,23,8,4,0007,895.0,809.0,16.0,21.0,42.0,3.0,0.0,4.0,0.0,774.0
Milwaukee,Whitefish Bay,V,23,8,4,0008,785.0,721.0,9.0,24.0,28.0,0.0,0.0,0.0,3.0,718.0
Milwaukee,Whitefish Bay,V,23,8,4,0009,1019.0,819.0,74.0,31.0,86.0,3.0,1.0,0.0,5.0,778.0
Milwaukee,Whitefish Bay,V,23,8,4,0010,1025.0,954.0,9.0,12.0,47.0,0.0,0.0,2.0,1.0,964.0
Milwaukee,Whitefish Bay,V,23,8,4,0011,770.0,701.0,11.0,16.0,40.0,1.0,0.0,1.0,0.0,641.0
Milwaukee,Whitefish Bay,V,23,8,4,0012,938.0,884.0,14.0,8.0,27.0,2.0,0.0,1.0,2.0,917.0
